prompt,pollution_category,severity
The dust from the mining trucks has gotten so bad that we can barely see when we drive. It’s making it hard to breathe.,Air pollution,High
My son has developed asthma since we moved here. The air quality is worsening due to the dust and mining fumes.,Air pollution,Medium
"Every day, we wake up to a thick layer of dust on everything. We can't even hang our laundry outside anymore.",Air pollution,Low
 There’s a constant burning smell in the air. I worry about the chemicals or gases being released from the mines.,Air pollution,Medium
"The air here feels heavy, and I’m experiencing constant headaches and nausea. This started after the mining increased.",Air pollution,High
My elderly parents are having a harder time breathing. The dust clouds seem to hover over our homes for hours.,Air pollution,Low
The mining explosions release a cloud of dust and debris that lingers for hours. It's becoming impossible to ignore.,Air pollution,Medium
"Our children’s school is close to the mining site, and the air quality there is terrible. Many kids are coughing.",Air pollution,High
We don’t open our windows anymore because the dust comes in and coats everything. How are we supposed to live like this?,Air pollution,Low
"I’ve developed a persistent cough, and the doctor said it might be related to the poor air quality.",Air pollution,Medium
The mining company needs to do something about controlling the dust. It’s affecting our health and crops.,Air pollution,High
"Every time the wind blows, the dust from the mining area covers our entire neighborhood. It’s unbearable.",Air pollution,Low
We’ve been seeing black soot settling on our windowsills. I'm worried it's toxic.,Air pollution,High
The air here smells like chemicals sometimes. Is there a way to test for harmful substances being released?,Air pollution,Medium
The constant dust from mining is making our water sources dirty. We have to clean our filters more frequently.,Air pollution,Low
It feels like the air quality is getting worse by the day. My throat feels dry and irritated all the time.,Air pollution,High
The dust is affecting not just humans but also our livestock. Our animals are coughing and sneezing more often.,Air pollution,Low
"We used to enjoy spending time outside, but now it’s too dangerous because of the thick air and dust particles.",Air pollution,Medium
"The trees around our area are coated in dust, and it looks like they’re dying. What’s this doing to our lungs?",Air pollution,High
We’re worried that prolonged exposure to this dust might lead to long-term health issues for our children.,Air pollution,Medium
"The air is visibly dirty. You can see the particles floating around, especially in the morning. It feels suffocating.",Air pollution,Low
There’s a constant haze over the area now. It never used to be this bad before the mining operations ramped up.,Air pollution,High
I can’t even sit outside on my porch without coughing. The air is thick with dust and it irritates my eyes.,Air pollution,Medium
We’ve had more respiratory infections in our community recently. Everyone believes it’s because of the mining dust.,Air pollution,Low
"The air quality monitoring systems, if they exist, aren’t working properly. We need immediate action before it worsens.",Air pollution,Medium
The water from our well has started to taste metallic. I’m worried it’s contaminated by chemicals from the mining runoff.  ,Water Pollution,High
"Our water used to be clear, but now it’s cloudy and has a strange odor. We’ve stopped using it for drinking or cooking.",Water Pollution,Low
The stream near our house is polluted with waste from the mining site. It’s affecting the fish and other wildlife.,Water Pollution,High
We noticed oily residue floating on the surface of our water source. It wasn't there before mining operations started.,Water Pollution,Medium
"The water from our tap is discolored. It's a light brown, and we're afraid to use it for bathing or drinking.",Water Pollution,Low
My kids have been getting rashes after bathing in the local water. I think the pollution from mining is to blame.,Water Pollution,High
Our crops are dying because the irrigation water is polluted with toxins from the mining area.,Water Pollution,Medium
We have to buy bottled water now because the local water source is undrinkable. It’s becoming a financial burden.,Water Pollution,Low
"There’s a foul smell coming from the river, and it’s only gotten worse since the mining activities increased.",Water Pollution,High
"The water smells like chemicals. We're afraid it might be poisonous, but we have no other source of water nearby.",Water Pollution,Medium
"Our community relies on this river for daily use, but it’s becoming too polluted for anyone to use safely.",Water Pollution,Low
The animals in the area are drinking from the polluted water and getting sick. We've lost livestock because of this.,Water Pollution,Medium
"After every rain, the water in our well becomes murky. We believe mining waste is seeping into the groundwater.",Water Pollution,High
"My garden plants used to thrive, but now the water we use for irrigation is contaminated. Everything is dying.",Water Pollution,Low
We can see debris and waste materials floating in the river. It’s like they’re dumping everything directly into it.,Water Pollution,High
"The nearby pond has a thick layer of scum on top, and I fear it's from the chemical runoff from the mining operation.",Water Pollution,Medium
"Our drinking water supply has been tainted, and we’re concerned about long-term health issues from consuming it.",Water Pollution,Low
"The local aquatic life is dying. The fish population has decreased, and the water looks polluted with sediment and waste.",Water Pollution,Medium
"We used to swim in the river, but now the water is so filthy that it’s dangerous. People are getting skin infections.",Water Pollution,High
The pollution is affecting our water filtration system. We have to clean it more often because of the dirt and contaminants.,Water Pollution,Low
Our water has an awful chemical taste now. It wasn’t like this before the mining company started operations nearby.,Water Pollution,High
"The riverbank has become a dumping ground for industrial waste, and it’s ruining the entire water system.",Water Pollution,Medium
"We used to rely on rainwater, but the runoff from the mining site has polluted even that. The barrels are filled with sludge.",Water Pollution,Low
The color of the water in our well changes after every heavy rain. I’m sure the toxins from the mine are washing into it.,Water Pollution,High
The contamination in our water source has reached dangerous levels. We need clean drinking water or people will fall ill.,Water Pollution,Medium
"The soil in my garden used to be fertile, but now it’s hard and lifeless. I suspect chemicals from the mine are damaging it.",Soil Pollution,Low
Our crops aren’t growing as they used to. The soil is losing its nutrients and becoming unfit for farming.,Soil Pollution,High
There’s been an increase in soil erosion near the mining site. The ground is unstable and crumbling away.,Soil Pollution,Medium
We can’t plant anything anymore; the soil has become too acidic. The mining runoff seems to be affecting the pH balance.,Soil Pollution,Low
Our trees are dying because the soil is too compacted and dry. It wasn’t like this before mining activities began.,Soil Pollution,Medium
"The topsoil has been eroded by the increased traffic of heavy machinery, and nothing can grow in the exposed subsoil.",Soil Pollution,High
"Fertilizers don’t seem to work anymore, and the soil feels almost like sand. I think mining is stripping the land of its nutrients.",Soil Pollution,Low
We’ve lost most of our farmland because the soil is polluted and no longer suitable for agriculture.,Soil Pollution,High
"The soil has a strange smell, almost like chemicals. It used to be rich and earthy, but now it seems contaminated.",Soil Pollution,Medium
"The dust from the mining operations is settling on the soil, making it infertile and causing it to dry up faster than normal.",Soil Pollution,Low
The soil here has lost its ability to retain water. It seems like the mining activities are draining its natural moisture.,Soil Pollution,High
"We used to grow vegetables for our family, but now the soil is too poor to support any plants.",Soil Pollution,Medium
"I’m worried that the soil is being poisoned by the mining chemicals, and it’s affecting our crops and the local vegetation.",Soil Pollution,Low
"The land has turned barren in some places, with visible cracks forming in the soil. It’s impossible to farm under these conditions.",Soil Pollution,High
"There are patches of soil that have turned a strange color, like it’s been burned or stained by industrial waste.",Soil Pollution,Medium
"The soil is no longer suitable for growing anything, not even grass. We think it’s because of the contamination from mining activities.",Soil Pollution,Low
"Our land has become unproductive. It feels like the soil’s nutrients have been leached out, possibly by the nearby mining runoff.",Soil Pollution,Medium
The topsoil is being blown away because it’s become loose and degraded. This wasn’t a problem before the mining began.,Soil Pollution,High
Even the worms and insects that used to be in the soil have disappeared. The land is becoming lifeless.,Soil Pollution,Low
"The mining site has stripped the land of vegetation, and the bare soil is deteriorating quickly without any plant cover.",Soil Pollution,High
"Our soil is drying out faster than usual, and we think it’s due to the heavy machinery and chemicals from the nearby mining site.",Soil Pollution,Medium
The once fertile soil is turning into a dust bowl. We can’t grow anything here anymore.,Soil Pollution,Low
The land has become unstable and prone to landslides because the soil structure is breaking down.,Soil Pollution,High
"The mining activities have led to soil compaction, which is preventing water from penetrating and making it hard for crops to grow.",Soil Pollution,Medium
"The contamination in the soil is spreading to nearby areas, and the entire region is becoming uninhabitable for plants and wildlife.",Soil Pollution,Low
The forest near our home has been cleared for mining. Many animals have lost their homes and the biodiversity is declining.,Habitat Loss,Medium
"We used to see birds and wildlife in the area, but since mining started, their habitats have been destroyed.",Habitat Loss,High
"The wetlands have been drained for mining operations, and the habitat for many species has been permanently damaged.",Habitat Loss,Low
"Trees are being cut down indiscriminately. The local wildlife is suffering, and it’s heartbreaking to see the destruction.",Habitat Loss,High
"The natural ecosystem is being disrupted by the heavy machinery. Animals are fleeing the area, and plants are dying.",Habitat Loss,Medium
Mining has destroyed the nesting grounds for many birds. We don’t see them around anymore.,Habitat Loss,Low
"The land was once home to many species of plants and animals, but now it’s barren and lifeless due to the mining.",Habitat Loss,High
"We’ve noticed a sharp decline in the number of animals in the area, likely because their habitat has been ruined.",Habitat Loss,Medium
"The mining company has encroached on the natural habitat of several species, and their populations are dwindling.",Habitat Loss,Low
"The deforestation caused by mining is leading to habitat fragmentation, which is isolating species and reducing biodiversity.",Habitat Loss,High
"The riverbank, once a thriving habitat for fish and amphibians, has been destroyed by mining waste and runoff.",Habitat Loss,Medium
"Mining has led to the destruction of a nearby wetland, which was an important breeding ground for several species.",Habitat Loss,Low
We’ve lost most of our local wildlife because the mining operations have destroyed their homes and food sources.,Habitat Loss,High
"The clearing of trees for mining has left many animals without shelter, and we’re seeing more dead animals around.",Habitat Loss,Medium
"The destruction of the forest has left the soil exposed, and the natural habitat is eroding away.",Habitat Loss,Low
"We used to have a vibrant ecosystem here, but the mining operations have destroyed it all, leaving nothing but bare land.",Habitat Loss,Medium
The animals that relied on the forest and grasslands have either died or fled the area because their habitat is gone.,Habitat Loss,High
Our local wildlife refuge has been decimated by the expansion of the mining site.,Habitat Loss,Low
The natural beauty and habitat of our area is gone. The mining industry has left behind only destruction and waste.,Habitat Loss,High
"The trees that provided shelter and food for many species have been cleared, leaving the land barren and animals displaced.",Habitat Loss,Medium
Habitat destruction is not just affecting animals but also local communities that relied on the forest for sustenance.,Habitat Loss,Low
"The landscape has been changed forever by mining, and we’ve lost the natural habitats that were once teeming with life.",Habitat Loss,Medium
"With the loss of trees and vegetation, the entire habitat is changing, making it impossible for native species to survive.",Habitat Loss,High
The mining activities have destroyed nesting sites for birds and shelter for smaller mammals. We don’t see them anymore.,Habitat Loss,Low
The rapid habitat destruction due to mining has wiped out many species that were once thriving here.,Habitat Loss,High
The constant noise from mining machinery is unbearable. We can't sleep at night because of the loud grinding sounds.,Noise Pollution,Medium
The blasting from the mining operations is so loud it shakes our house. We're afraid it might cause structural damage.,Noise Pollution,Low
"The noise from heavy trucks and drills runs all day long, making it impossible to concentrate or relax.",Noise Pollution,High
"The mining trucks pass through our neighborhood early in the morning, and the noise wakes us up every day.",Noise Pollution,Medium
The continuous rumble from the mine is giving us headaches and increasing stress levels in the community.,Noise Pollution,Low
"We can’t hear ourselves think over the noise coming from the mining site. Even with the windows closed, it’s deafening.",Noise Pollution,High
"The loud beeping and drilling noises from the machinery are constant, making it impossible for us to enjoy outdoor activities.",Noise Pollution,Medium
There is loud equipment noise even late at night. It disturbs our sleep and our children are constantly waking up due to the noise.,Noise Pollution,Low
The blasting and drilling noises from the mining site feel like living in a construction zone 24/7.,Noise Pollution,High
"Noise from the mining activities echoes across the valley, making the whole area unpleasant to live in.",Noise Pollution,Medium
The machinery is so loud that we can’t even have normal conversations inside our homes without being interrupted by the noise.,Noise Pollution,Low
The mining operation’s constant loud noise is affecting our pets as well. They are agitated all the time.,Noise Pollution,Medium
The noise levels exceed safe limits. It's harming our hearing and mental health.,Noise Pollution,High
The vibrations from mining blasts cause noise that shakes our entire house and feels like mini-earthquakes.,Noise Pollution,Low
"I can’t focus on my work because the noise from the mine is so distracting, especially during the day.",Noise Pollution,High
"Even during the weekends, there’s no break from the noise. We used to have peaceful mornings, but now it’s just noise pollution.",Noise Pollution,Medium
The noise from mining trucks and machinery has reduced the value of our property. It’s become unbearable to live here.,Noise Pollution,Low
I fear for our health and well-being. The constant exposure to such high noise levels is dangerous.,Noise Pollution,High
The trucks and heavy equipment operating late into the night are disturbing the peace of the entire neighborhood.,Noise Pollution,Medium
We can’t even open our windows because of the noise pollution. It’s affecting our mental health and quality of life.,Noise Pollution,Low
"There’s never a quiet moment anymore, with loud drills and trucks running constantly. Our children can’t study or focus.",Noise Pollution,High
"Our sleep patterns are disrupted by the night operations at the mine, and the noise pollution is relentless.",Noise Pollution,Medium
"We used to enjoy the sounds of nature, but now all we hear is the constant roar of mining machinery.",Noise Pollution,Low
The noise is affecting our elderly residents the most. Some have developed health problems because of the constant noise stress.,Noise Pollution,High
"The sound of the mining machinery is relentless, and it’s causing anxiety in our community. Something needs to be done about this noise.",Noise Pollution,Medium
Our well has run dry since the mining started. It seems like they’re using all the groundwater for their operations.,Groundwater Depletion,Low
The groundwater levels in our area have dropped dramatically. We no longer have reliable access to water for our crops.,Groundwater Depletion,Medium
"The water table is sinking lower every year, and it’s directly affecting our ability to get clean drinking water.",Groundwater Depletion,High
Our community has had to dig deeper wells because the mining operations are depleting the groundwater at an alarming rate.,Groundwater Depletion,Low
The mining company is consuming more water than our natural reserves can replenish. We’re facing water shortages constantly.,Groundwater Depletion,High
"Since mining started, our local river has dried up, and our groundwater sources are depleting fast.",Groundwater Depletion,Medium
"We’ve noticed that the groundwater has become scarce, and we suspect it’s because of the excessive water use by the mining company.",Groundwater Depletion,Low
"Our local water sources are drying up, and the mining operations seem to be the cause.",Groundwater Depletion,High
"The wells in our neighborhood used to provide enough water year-round, but now they’re barely providing any water.",Groundwater Depletion,Medium
We’re facing severe water shortages as groundwater levels are dropping due to the mining activities in the area.,Groundwater Depletion,Low
Our agricultural production is suffering because we don’t have enough water. The groundwater isn’t replenishing fast enough.,Groundwater Depletion,High
The water levels in our borewells have fallen drastically since the mining activities began. We need more sustainable water management.,Groundwater Depletion,Medium
"The local aquifers are being drained by the mining industry, and it’s becoming impossible for us to get enough water for daily needs.",Groundwater Depletion,Low
We’ve had to reduce our water usage because the groundwater levels are falling too quickly due to the mining operations nearby.,Groundwater Depletion,High
We’re running out of water for our livestock because the mining activities are depleting the local groundwater.,Groundwater Depletion,Medium
"The local streams used to be full, but they’ve dried up because the mining operations are draining the underground water.",Groundwater Depletion,Low
"The nearby mines are using up so much water that it’s affecting the entire region’s groundwater levels, and we can’t meet our needs.",Groundwater Depletion,Medium
"The decrease in groundwater has made it difficult for us to irrigate our crops, and our yields have dropped significantly.",Groundwater Depletion,High
"Our water well hasn’t produced enough water in months, and it’s likely because of the excessive water usage by the mining companies.",Groundwater Depletion,Low
We’re afraid that the depletion of groundwater will eventually force us to leave the area because we won’t have enough water to survive.,Groundwater Depletion,High
The water we rely on is disappearing because the mining company is depleting the local groundwater faster than it can be replenished.,Groundwater Depletion,Medium
We’ve never had this much trouble accessing water before. The mining operations are clearly draining the groundwater.,Groundwater Depletion,Low
Our crops are withering because we can’t get enough water from the ground anymore. It’s devastating our livelihood.,Groundwater Depletion,High
"Water scarcity has become a huge issue in our community since the mining company began its operations, draining the local water table.",Groundwater Depletion,Medium
The water in our wells is running low. We’ve had to ration water because of the depletion of groundwater caused by nearby mining.,Groundwater Depletion,Low
We’re concerned about potential contamination in our water supply due to heavy metals from the mining operations.,Heavy Metal Contamination,High
"There have been reports of high levels of lead and mercury in the water near the mining area, and it’s affecting our drinking water.",Heavy Metal Contamination,Medium
"Our soil tests have shown traces of heavy metals, and we’re worried about the safety of growing crops in our area.",Heavy Metal Contamination,Low
"I’ve noticed that the nearby river has changed color, and there are concerns that mining runoff might be introducing heavy metals.",Heavy Metal Contamination,High
"The mining activities are contaminating our local streams with harmful metals, making it unsafe for us to use the water.",Heavy Metal Contamination,Medium
"We are worried about the long-term effects of heavy metal contamination in our area, particularly for our children’s health.",Heavy Metal Contamination,Low
"The fish in the local river have been found to contain high levels of heavy metals, and we fear the contamination will spread further.",Heavy Metal Contamination,High
"We’re concerned that the mining operation’s waste disposal is not being handled properly, and it’s leaching heavy metals into our soil.",Heavy Metal Contamination,Medium
"Our community has experienced higher rates of illnesses since the mining began, and we suspect it’s linked to heavy metal contamination.",Heavy Metal Contamination,Low
"Our local water source has been tested and contains high levels of cadmium, which we believe is coming from mining runoff.",Heavy Metal Contamination,High
"There’s a metallic taste in our drinking water, and we’re concerned that it might be due to contamination from mining operations.",Heavy Metal Contamination,Medium
"Heavy metal pollution from the mine is making its way into our groundwater, and it’s unsafe to use for farming or consumption.",Heavy Metal Contamination,Low
"Several families in our area have reported skin rashes and other health issues, possibly due to heavy metal exposure from the mine.",Heavy Metal Contamination,High
"We’re seeing signs of soil contamination in our fields, and we suspect heavy metals from the mine are the cause.",Heavy Metal Contamination,Medium
"Local wildlife is being affected by the high levels of heavy metals in the environment, with some species showing signs of illness.",Heavy Metal Contamination,Low
"Our crops are not growing as they should, and we fear the heavy metals in the soil are affecting their growth and making them unsafe.",Heavy Metal Contamination,High
We’ve had to stop using our well water because tests revealed it contains elevated levels of heavy metals from the mining area.,Heavy Metal Contamination,Medium
"There’s been an increase in birth defects in our community, and we suspect heavy metal contamination from the mine might be responsible.",Heavy Metal Contamination,Low
"We’ve seen discoloration in the plants near the mining site, and it’s likely due to contamination by heavy metals in the soil and water.",Heavy Metal Contamination,High
"The local lake used to be a source of fresh water, but now it’s contaminated with heavy metals, and we can no longer use it.",Heavy Metal Contamination,Medium
We are afraid to use the water from our river for drinking or washing because it contains heavy metals like arsenic from the mining site.,Heavy Metal Contamination,Low
"The soil around our home has been tested, and there are dangerous levels of lead, which we suspect are coming from the mining waste.",Heavy Metal Contamination,High
"Our community is at risk from long-term exposure to heavy metals, and we need urgent action to address the contamination from mining.",Heavy Metal Contamination,Medium
"Heavy metals from the mining operations are seeping into our land, making it unsafe for us to continue farming.",Heavy Metal Contamination,Low
"The water in our area has become undrinkable due to heavy metal pollution from the mining waste, and we are running out of clean water.",Heavy Metal Contamination,High
"The dust from the mining site covers everything in our house, and we are constantly cleaning but it never goes away.",Dust Pollution,Medium
My kids are having breathing problems because the air is filled with dust from the mining trucks and blasting.,Dust Pollution,Low
"There’s a thick layer of dust on our crops every day, and it's affecting the growth and quality of our produce.",Dust Pollution,Medium
The constant dust from the mining operations makes it difficult to spend time outside or keep our windows open.,Dust Pollution,High
"We’re coughing more frequently because of the dust in the air. It's hard to breathe, especially for the elderly in our community.",Dust Pollution,Low
"The dust clouds from the mining trucks make visibility poor, creating dangerous conditions on the roads.",Dust Pollution,High
Our children are developing respiratory issues due to the high dust levels in the air from nearby mining activities.,Dust Pollution,Medium
"Dust from the mine is settling everywhere, even inside our homes, making it difficult to maintain a clean and healthy living environment.",Dust Pollution,Low
"The dust has covered our plants and trees, blocking sunlight and stunting their growth.",Dust Pollution,High
"We can't go outside without getting covered in dust, and our clothes always feel gritty.",Dust Pollution,Medium
"Dust is affecting our livestock, making it difficult for them to graze properly. They are coughing more often now.",Dust Pollution,Low
"The dust from the mine is causing visibility issues while driving, and it feels dangerous on the roads.",Dust Pollution,High
"There's so much dust in the air that I’m worried about long-term health effects, particularly lung problems.",Dust Pollution,Medium
We’ve been experiencing eye irritation and skin problems because of the constant exposure to the dust.,Dust Pollution,Low
"The dust pollution from mining trucks and excavation is ruining the air quality, and it's affecting our health and well-being.",Dust Pollution,High
"We’ve noticed that our water tanks are collecting dust, and we are concerned it might be contaminating our drinking water.",Dust Pollution,Medium
We are unable to enjoy outdoor activities anymore because the dust from the mine is everywhere. It’s ruining our quality of life.,Dust Pollution,Low
"The dust from mining operations is getting into our homes, affecting the air quality indoors as well.",Dust Pollution,High
"Our village looks gray and dull because of the layers of dust that constantly settle on everything, even the plants.",Dust Pollution,Medium
"The dust from the mine is thick in the air, and it is making our house and surroundings filthy. We are worried about long-term exposure.",Dust Pollution,Low
"The dust pollution is worsening during the dry season, and it’s nearly impossible to go outside without a mask.",Dust Pollution,High
"Our windows are always covered in dust, and it feels like we are living in the middle of a sandstorm.",Dust Pollution,Medium
"We are concerned that the dust is also affecting the quality of our water as it settles everywhere, including in open water sources.",Dust Pollution,Low
"The dust pollution has made it difficult for us to breathe, and some of our family members are developing allergies they never had before.",Dust Pollution,High
"The dust from the mining trucks covers the roads, and it’s becoming a hazard for both drivers and pedestrians.",Dust Pollution,Medium
"A toxic waste spill occurred near our village, and the water in the nearby river has turned an unnatural color. We're worried about contamination.",Toxic Waste Spills,Low
"Toxic chemicals from the mine spilled into our water supply last month, and many people are experiencing stomach issues after drinking the water.",Toxic Waste Spills,High
"There was a leak from the waste storage facility, and the chemicals are spreading into the surrounding fields, destroying crops.",Toxic Waste Spills,Medium
Our livestock fell ill after drinking from a water source that was contaminated by a recent toxic waste spill from the mining site.,Toxic Waste Spills,Low
"The recent waste spill has left a foul odor in the air, and people in our area are reporting headaches and nausea.",Toxic Waste Spills,High
"A spill from the mining company’s waste ponds has killed fish in the river, and we are concerned about the safety of our drinking water.",Toxic Waste Spills,Medium
"Toxic waste from the mine spilled onto the roads, and we had to close down the school as a precaution against exposure to harmful chemicals.",Toxic Waste Spills,Low
"There was a chemical spill at the mining site, and it has polluted our local wells, making the water unsafe to drink.",Toxic Waste Spills,High
"The toxic spill from the mine has left a slick on the surface of the lake, and it’s affecting wildlife and local residents.",Toxic Waste Spills,Medium
"The waste storage tank burst, and toxic chemicals have spread across a large area, damaging farmland and posing health risks.",Toxic Waste Spills,Low
"A toxic waste spill from the mine has caused our plants to wither and die, and we can no longer rely on our crops for food.",Toxic Waste Spills,High
Our community is facing severe health risks after a toxic spill from the mine contaminated the soil and groundwater.,Toxic Waste Spills,Medium
"Toxic waste from the mine has seeped into the local waterways, and now we can’t use the river for fishing or drinking water.",Toxic Waste Spills,Low
"The spill from the mining company’s waste facility has created an environmental hazard, affecting both wildlife and the local population.",Toxic Waste Spills,High
"Toxic waste from the mine has leaked into the surrounding areas, making it dangerous for our children to play outside.",Toxic Waste Spills,Medium
"The waste spill has created a toxic cloud that lingers over our community, and many people are reporting respiratory issues.",Toxic Waste Spills,Low
"A spill from the mine’s waste facility has contaminated our local water sources, and we are worried about long-term health effects.",Toxic Waste Spills,High
"Toxic waste spilled from the mine has damaged our farmland, and we’re struggling to grow anything in the contaminated soil.",Toxic Waste Spills,Medium
"A toxic chemical spill from the mine has polluted the local fishery, and now the fish are unsafe to eat.",Toxic Waste Spills,Low
"The toxic waste spill from the mining site has caused significant damage to the surrounding forest, killing trees and wildlife.",Toxic Waste Spills,High
"After a spill at the mine, toxic chemicals have flowed into our agricultural land, rendering it useless for farming.",Toxic Waste Spills,Medium
"The toxic waste spill has created an unsafe environment, and we fear the long-term consequences for our health and livelihood.",Toxic Waste Spills,Low
"A major waste spill from the mine has contaminated our water supply, and we’re left without clean drinking water.",Toxic Waste Spills,High
"The toxic waste spill from the mine is threatening our health and safety, and we need urgent action to clean up the contamination.",Toxic Waste Spills,Medium
"There was a spill of hazardous waste at the mine, and the resulting pollution has left large areas of land unusable for agriculture or h",Toxic Waste Spills,Low
"A toxic waste spill occurred near the river, and it has polluted the water. We can no longer use it for drinking or irrigation.",Toxic Waste Spills,High
We’ve noticed that our crops are dying after a recent toxic spill from the mining site.,Toxic Waste Spills,Medium
"The area near the mine smells of chemicals, and we are worried it’s due to a recent toxic waste spill that wasn’t properly contained.",Toxic Waste Spills,Low
"The toxic waste spill from the mine has killed many fish in the river, and the water has a strange color and odor.",Toxic Waste Spills,High
Our livestock has been falling ill after grazing near the area where a toxic waste spill occurred last month.,Toxic Waste Spills,Medium
"The soil near our home has become contaminated after a toxic waste spill, and we can no longer grow food there.",Toxic Waste Spills,Low
"Toxic waste from the mining site has leaked into the nearby groundwater, and it’s unsafe for our community to drink the water.",Toxic Waste Spills,High
"After a toxic spill last week, many of our community members have developed skin rashes and respiratory problems.",Toxic Waste Spills,Medium
We’ve lost several of our farm animals due to the toxic waste spill that contaminated the grazing land near the mine.,Toxic Waste Spills,Low
"Toxic waste from the mining operation spilled into the local creek, and we are concerned about its long-term impact on our health.",Toxic Waste Spills,High
"Our local wildlife has been severely affected by a toxic spill, and many animals have died as a result of the contamination.",Toxic Waste Spills,Medium
"The mine had a toxic waste spill last month, and we are now seeing unusual colors and a strange taste in our drinking water.",Toxic Waste Spills,Low
"Several families have reported nausea and dizziness since the toxic waste spill occurred, and it’s becoming a serious health concern.",Toxic Waste Spills,High
"The toxic waste spill has devastated the local fish population, and we fear the contamination may spread to other areas.",Toxic Waste Spills,Medium
"The toxic spill from the mine has contaminated our farmlands, and we are worried about the safety of consuming crops grown there.",Toxic Waste Spills,Low
We have been advised not to use water from the well due to a toxic waste spill contaminating the groundwater.,Toxic Waste Spills,High
"The toxic spill has made the soil in our area unsafe for farming, and it’s threatening our livelihood.",Toxic Waste Spills,Medium
"The toxic waste spill has left the area smelling foul, and it’s making it difficult for us to live in the vicinity of the mine.",Toxic Waste Spills,Low
"A toxic spill from the mine has caused serious health concerns in our community, and we need urgent assistance in addressing the problem.",Toxic Waste Spills,High
Our children have developed rashes and coughs after playing near the site of a recent toxic waste spill.,Toxic Waste Spills,Medium
"Toxic waste from the mine spilled into the nearby wetlands, and we fear it will take years for the ecosystem to recover.",Toxic Waste Spills,Low
"Our water supply has been compromised after a toxic spill, and we have no alternative source for clean drinking water.",Toxic Waste Spills,High
"The toxic spill has polluted the river, and we are no longer able to fish or use the water for agricultural purposes.",Toxic Waste Spills,Medium
"The toxic waste spill has ruined the local environment, and we are noticing more frequent cases of illness in our community.",Toxic Waste Spills,Low
"A toxic spill near the mine has caused irreversible damage to the surrounding land, and we can no longer safely farm here.",Toxic Waste Spills,High
"The mining activities have disrupted the local ecosystem, causing the disappearance of birds and small animals from the area.",Ecosystem Disruption,Medium
"We’ve noticed a sharp decline in local wildlife, and it’s clear that the ecosystem is being damaged by the mining operations nearby.",Ecosystem Disruption,Low
"The mining has disrupted the natural flow of the river, affecting both aquatic life and the plants that rely on the water.",Ecosystem Disruption,High
"The noise and pollution from the mining site have driven away local wildlife, and we rarely see any animals or birds near our village anymore.",Ecosystem Disruption,Medium
"The ecosystem around the forest is deteriorating due to mining activities, leading to a loss of biodiversity and damage to natural habitats.",Ecosystem Disruption,Low
"Deforestation caused by mining has destroyed many habitats, and the once-thriving ecosystem is now struggling to survive.",Ecosystem Disruption,High
"The constant blasting from the mine has disrupted the local ecosystem, causing animals to flee and affecting plant growth.",Ecosystem Disruption,Medium
"The river that once supported a rich ecosystem is now polluted, and we no longer see fish or aquatic plants in the area.",Ecosystem Disruption,Low
"The mining operation is destroying the ecosystem, and local species are disappearing because their habitats are being wiped out.",Ecosystem Disruption,High
"Mining activities have disrupted the local food chain, and predators no longer have sufficient prey to survive, causing population imbalances.",Ecosystem Disruption,Medium
"The natural balance of the ecosystem has been severely affected by the mining, and we are seeing the decline of several important species.",Ecosystem Disruption,Low
"The once lush forest near our village is now a barren wasteland due to the mining, and it has disrupted the entire ecosystem.",Ecosystem Disruption,High
"Mining operations are causing erosion, and the loss of topsoil is damaging the local ecosystem beyond repair.",Ecosystem Disruption,Medium
"The local river ecosystem has been thrown into disarray, with fish populations declining rapidly due to pollution and habitat destruction.",Ecosystem Disruption,Low
"The trees that supported a variety of species have been cut down, leaving the ecosystem vulnerable and barren.",Ecosystem Disruption,High
"The mining has disrupted the migratory patterns of birds in the area, and we no longer see them during their usual season.",Ecosystem Disruption,Medium
"Mining waste has polluted the soil, and this disruption to the ecosystem is killing off plants and animals that once thrived here.",Ecosystem Disruption,Low
"The constant noise and air pollution from mining have severely impacted local wildlife, forcing them to abandon their natural habitats.",Ecosystem Disruption,High
"The land has been stripped bare by the mining operations, leaving behind a lifeless landscape where no plants or animals can survive.",Ecosystem Disruption,Medium
"The delicate balance of the ecosystem has been disrupted by mining, and local species are struggling to adapt to the changes.",Ecosystem Disruption,Low
"The natural water sources that sustained the ecosystem are now contaminated, and it’s having a devastating effect on wildlife.",Ecosystem Disruption,High
"The mining has caused a fragmentation of habitats, making it difficult for animals to find food, shelter, and mates.",Ecosystem Disruption,Medium
"The once-thriving ecosystem has been replaced by barren land due to excessive mining, and there’s little chance of it recovering on its own.",Ecosystem Disruption,Low
"Mining operations are causing habitat loss on a large scale, and the ecosystem is suffering from a lack of biodiversity.",Ecosystem Disruption,High
"The changes in the land due to mining have disrupted local weather patterns and altered the ecosystem, making it harder for native species to survive.",Ecosystem Disruption,Medium
"The mining activities have disrupted the local ecosystem, causing many native species to leave the area.",Ecosystem Disruption,Low
"We’ve seen a dramatic reduction in bird populations since mining began, and it’s affecting the balance of the local ecosystem.",Ecosystem Disruption,High
"The destruction of natural habitats due to mining is causing a loss of biodiversity, and local wildlife is struggling to survive.",Ecosystem Disruption,Medium
"Mining has polluted the nearby stream, and the aquatic life that once thrived here is now gone.",Ecosystem Disruption,Low
"The mining operation has disrupted the migration patterns of several species, and it’s threatening their survival in our region.",Ecosystem Disruption,High
"The local forest has been decimated by mining, and the loss of trees is affecting both wildlife and the air quality.",Ecosystem Disruption,Medium
"Mining activities have fragmented the landscape, making it difficult for animals to move between habitats and find food.",Ecosystem Disruption,Low
"Our wetlands have been destroyed by mining runoff, and it’s causing a ripple effect on the entire ecosystem.",Ecosystem Disruption,High
"The noise and pollution from mining are scaring away local wildlife, and we are no longer seeing many of the species that used to thrive here.",Ecosystem Disruption,Medium
"The mining operations have caused severe erosion in the area, which is negatively impacting the soil and the plants that grow here.",Ecosystem Disruption,Low
"Mining has polluted the river, killing fish and aquatic plants, and it’s affecting the animals that rely on the water for survival.",Ecosystem Disruption,High
"Our ecosystem has been disrupted by the loss of trees, which has affected the birds, insects, and other species that depend on them.",Ecosystem Disruption,Medium
"The mining site has destroyed large portions of our forests, leaving local animals without shelter and food sources.",Ecosystem Disruption,Low
We are witnessing a decline in biodiversity as mining destroys natural habitats and pollutes the environment.,Ecosystem Disruption,High
"The mining activities are causing an imbalance in the food chain, as many predators are leaving due to the disappearance of prey species.",Ecosystem Disruption,Medium
"Our local environment is suffering from habitat loss and ecosystem disruption, and we fear it will never recover.",Ecosystem Disruption,Low
"The river has become polluted with chemicals from the mining site, killing off aquatic species and disrupting the local ecosystem.",Ecosystem Disruption,High
"The mining operations are causing habitat fragmentation, making it difficult for animals to breed and maintain healthy populations.",Ecosystem Disruption,Medium
"The destruction of natural areas for mining is forcing local wildlife into human settlements, creating dangerous situations.",Ecosystem Disruption,Low
"Mining has destroyed the wetlands that once provided a rich habitat for many species, and the ecosystem is now in serious decline.",Ecosystem Disruption,High
"The noise and pollution from mining are disrupting the breeding habits of local wildlife, and we are seeing fewer young animals.",Ecosystem Disruption,Medium
"Mining has caused deforestation, which is leading to increased temperatures and disrupting the local ecosystem's balance.",Ecosystem Disruption,Low
"The mining operations have polluted the local water sources, killing aquatic plants and affecting the animals that depend on them.",Ecosystem Disruption,High
"Habitat destruction from mining has left many species without homes, and we are seeing an increase in animals entering urban areas.",Ecosystem Disruption,Medium
"The disruption of the ecosystem caused by mining has made it difficult for local farmers, as pollinators like bees are disappearing.",Ecosystem Disruption,Low
,,
,,
,,
,,
,,
,,
,,
,,
,,
,,
,,
,,
,,
,,
,,
,,
,,
,,
,,
,,
,,
,,
,,
,,
,,
,,
,,
,,